<?xml version="1.0" encoding="UTF-8" standalone="yes"?>
<Content>
        
    <Views>
                
        <ViewDef id="4e0473aa-e7fc-488a-9f9b-156fed6ab25a">
                        
            <Title>Guest Operating Systems (Guest OS from vCenter)</Title>
                        
            <Description/>
                        
            <SubjectType adapterKind="VMWARE" resourceKind="VirtualMachine" type="descendant"/>
                        
            <Usage>dashboard</Usage>
                        
            <Usage>report</Usage>
                        
            <Usage>content</Usage>
                        
            <Controls>
                                
                <Control id="time-interval-selector_id_327" type="time-interval-selector" visible="false">
                                        
                    <Property name="advancedTimeMode" value="false"/>
                                        
                    <Property name="unit" value="DAYS"/>
                                        
                    <Property name="count" value="7"/>
                                    
                </Control>
                                
                <Control id="attributes-selector_id_328" type="attributes-selector" visible="false">
                                        
                    <Property name="attributeInfos">
                                                
                        <List>
                                                        
                            <Item>
                                
                                <Value>
                                        
                                    <Property name="objectType" value="RESOURCE"/>
                                        
                                    <Property name="attributeKey" value="config|guestFullName"/>
                                        
                                    <Property name="isStringAttribute" value="true"/>
                                        
                                    <Property name="adapterKind" value="VMWARE"/>
                                        
                                    <Property name="resourceKind" value="VirtualMachine"/>
                                        
                                    <Property name="rollUpCount" value="0"/>
                                        
                                    <Property name="isProperty" value="true"/>
                                        
                                    <Property name="displayName" value="Guest OS from vCenter"/>
                                    
                                </Value>
                                                            
                            </Item>
                                                    
                        </List>
                                            
                    </Property>
                                    
                </Control>
                                
                <Control id="buckets-control_id_329" type="buckets-control" visible="false">
                                        
                    <Property name="dynamicCalcFunction" value="DISCRETE"/>
                                        
                    <Property name="isDynamic" value="true"/>
                                        
                    <Property name="isSum" value="false"/>
                                    
                </Control>
                                
                <Control id="metadata_id_330" type="metadata" visible="false">
                                        
                    <Property name="maxPointsCount" value="5000"/>
                                        
                    <Property name="distributionColor" value="EB953F"/>
                                        
                    <Property name="hideObjectNameColumn" value="false"/>
                                        
                    <Property name="listTopResultSize" value="-1"/>
                                    
                </Control>
                            
            </Controls>
                        
            <DataProviders>
                                
                <DataProvider dataType="distribution-view" id="distribution-view_id_326"/>
                            
            </DataProviders>
                        
            <Presentation type="bar-chart"/>
                    
        </ViewDef>
            
    </Views>
    
</Content>
