{
   "entries": {"resource": [{
      "resourceKindKey": "vSphere World",
      "internalId": "resource:id:0_::_",
      "adapterKindKey": "VMWARE",
      "identifiers": [],
      "name": "vSphere World"
   }]},
   "dashboards": [{
      "shared": false,
      "temporary": false,
      "hidden": false,
      "creationTime": 1656168572314,
      "autoswitchEnabled": false,
      "importAttempts": 0,
      "columnProportion": "1-1",
      "importComplete": true,
      "description": "",
      "widgets": [
         {
            "collapsed": false,
            "id": "c13eb953-1075-49d2-a4f0-24cb8ebc66c2",
            "gridsterCoords": {
               "w": 6,
               "x": 1,
               "h": 8,
               "y": 1
            },
            "type": "View",
            "title": "VM Operating Systems (Guest OS from vCenter)",
            "config": {
               "refreshInterval": 300,
               "resource": {
                  "resourceId": "resource:id:0_::_",
                  "traversalSpecId": "",
                  "resourceName": "vSphere World",
                  "resourceKindId": "002006VMWAREvSphere World",
                  "id": "Ext.vcops.chrome.model.Resource-1"
               },
               "traversalSpecId": null,
               "refreshContent": {"refreshContent": true},
               "isUpdatedView": true,
               "chartViewItems": ["labels"],
               "selectFirstRow": {"selectFirstRow": false},
               "selfProvider": {"selfProvider": true},
               "title": "VM Operating Systems (Guest OS from vCenter)",
               "viewDefinitionId": "4e0473aa-e7fc-488a-9f9b-156fed6ab25a"
            },
            "height": 437,
            "states": [{
               "value": "b%3A0",
               "key": "perm_isDashboardTime_widget_cdf8a1e6-d89b-40c5-aad0-2f711c81fcb0_c13eb953-1075-49d2-a4f0-24cb8ebc66c2"
            }]
         },
         {
            "collapsed": false,
            "id": "a6e2bde9-a490-4103-8b38-9173136df94d",
            "gridsterCoords": {
               "w": 6,
               "x": 7,
               "h": 8,
               "y": 1
            },
            "type": "View",
            "title": "VM Operating System (Guest OS from VMTools)",
            "config": {
               "refreshInterval": 300,
               "resource": {
                  "resourceId": "resource:id:0_::_",
                  "traversalSpecId": "",
                  "resourceName": "vSphere World",
                  "resourceKindId": "002006VMWAREvSphere World",
                  "id": "Ext.vcops.chrome.model.Resource-8"
               },
               "traversalSpecId": null,
               "refreshContent": {"refreshContent": true},
               "isUpdatedView": true,
               "chartViewItems": ["labels"],
               "selectFirstRow": {"selectFirstRow": false},
               "selfProvider": {"selfProvider": true},
               "title": "VM Operating System (Guest OS from VMTools)",
               "viewDefinitionId": "50b7b631-3f79-4d61-b3a4-e0235ccd0b03"
            },
            "height": 437,
            "states": [{
               "value": "b%3A0",
               "key": "perm_isDashboardTime_widget_cdf8a1e6-d89b-40c5-aad0-2f711c81fcb0_a6e2bde9-a490-4103-8b38-9173136df94d"
            }]
         },
         {
            "collapsed": false,
            "id": "12e57a1c-358e-464b-9f07-2e975557b0b7",
            "gridsterCoords": {
               "w": 12,
               "x": 1,
               "h": 13,
               "y": 9
            },
            "type": "View",
            "title": "VM Configuration Details",
            "config": {
               "refreshInterval": 300,
               "resource": {
                  "resourceId": "resource:id:0_::_",
                  "traversalSpecId": "",
                  "resourceName": "vSphere World",
                  "resourceKindId": "002006VMWAREvSphere World",
                  "id": "Ext.vcops.chrome.model.Resource-5"
               },
               "traversalSpecId": null,
               "refreshContent": {"refreshContent": true},
               "isUpdatedView": true,
               "chartViewItems": [],
               "selectFirstRow": {"selectFirstRow": false},
               "selfProvider": {"selfProvider": true},
               "title": "VM Configuration Details",
               "viewDefinitionId": "8eee4187-27c0-4288-ab5f-8e24c6ec5311"
            },
            "height": 723,
            "states": [
               {
                  "value": "b%3A1",
                  "key": "perm_toolbarVisible_widget_cdf8a1e6-d89b-40c5-aad0-2f711c81fcb0_12e57a1c-358e-464b-9f07-2e975557b0b7"
               },
               {
                  "value": "b%3A0",
                  "key": "perm_isDashboardTime_widget_cdf8a1e6-d89b-40c5-aad0-2f711c81fcb0_12e57a1c-358e-464b-9f07-2e975557b0b7"
               },
               {
                  "value": "s%3A%7B%22minType%22%3A%22.TimeIntervalControl%22%2C%22advancedTimeMode%22%3Afalse%2C%22fromTime%22%3Anull%2C%22unit%22%3A%22DAYS%22%2C%22count%22%3A7%2C%22priorUnit%22%3Anull%2C%22priorCount%22%3Anull%2C%22startSubUnit%22%3Anull%2C%22startPeriod%22%3Anull%2C%22toTime%22%3Anull%2C%22endUnit%22%3Anull%2C%22endCount%22%3Anull%2C%22endSubUnit%22%3Anull%2C%22endPeriod%22%3Anull%2C%22isRealTimeData%22%3Anull%2C%22mondayHours%22%3A%5B%5D%2C%22tuesdayHours%22%3A%5B%5D%2C%22wednesdayHours%22%3A%5B%5D%2C%22thursdayHours%22%3A%5B%5D%2C%22fridayHours%22%3A%5B%5D%2C%22saturdayHours%22%3A%5B%5D%2C%22sundayHours%22%3A%5B%5D%7D",
                  "key": "permSelectedDate_widget_cdf8a1e6-d89b-40c5-aad0-2f711c81fcb0_12e57a1c-358e-464b-9f07-2e975557b0b7"
               }
            ]
         }
      ],
      "states": [],
      "homeTab": false,
      "rank": 0,
      "disabled": false,
      "id": "cdf8a1e6-d89b-40c5-aad0-2f711c81fcb0",
      "locked": false,
      "dashboardNavigations": {},
      "widgetInteractions": [],
      "namePath": "Custom Dashboards",
      "lastUpdateUserId": "287ed085-c6ca-4255-b69c-956f1665ed51",
      "columnCount": 1,
      "userId": "287ed085-c6ca-4255-b69c-956f1665ed51",
      "name": "Custom Dashboards/VM Operating System Summary",
      "gridsterMaxColumns": 12,
      "lastUpdateTime": 1705254822732
   }],
   "uuid": "f565d45d-6b08-4e35-bff1-654fe73b217b"
}